pregao,uasg gerenciadora,item,tipo material,descricao,unidade fornecimento,codigoItemAtaSRP,qtd_homologada,qtd_empenhada,saldo_para_empenho,saldo_para_adesao,fim_vigencia,valor_unit_homologado,valor_unit_negociado,cnpj,fornecedor,marca,descricao_detalhada
2/2019,154618,16,Material,95990 - PRE - AQUECEDOR DE AGUA INDUSTRIAL,UNIDADE,34617124,0,0,2,10,21/10/2020,"899,0000",-,18.214.465/0001-00,SOLAB LABORATORIO INDUSTRIA E COMERCIO EIRELI,Solab,"AQUECEDOR DE AGUA INDUSTRIAL, NOME BANHO-MARIA COM CUBA REDONDA DE 2L: CUBA REDONDA EM AÇO INOX SEM SOLDAS; • CAPACIDADE DE 2L; • AQUECIMENTO ATRAVÉS DE RESISTÊNCIA TUBULAR BLINDADA; • TERMOSTATO DO TIPO BULBO CAPILAR EM AÇO INOX; • FAIXA DE TRABALHO ENTRE 30°C E 110°C (DESDE QUE A TEMPERATURA AMBIENTE SEJA 5°C ABAIXO DA PROGRAMADA); • PRECISÃO DO TERMOSTATO: ± 1,5°C; • LÂMPADA PILOTO INDICADORA DE AQUECIMENTO; • CABO DE FORÇA COM DUPLA ISOLAÇÃO E PLUGUE DE TRÊS PINOS, DOIS FASES E UM TERRA, ATENDENDO A NORMA ABNT NBR 14136; • ACOMPANHA TAMPA EM INOX, COM REDUTORES EM 3 TAMANHOS: 104, 75 E 45MM; DIMENSÕES EXTERNAS (CXLXA): 36 X 29 X 14CM; VOLTAGEM: 110V; POTÊNCIA: 750W."
2/2019,154618,2,Material,74624 - AUTOCLAVE DESCONTAMINAÇÃO,UNIDADE,34617096,0,0,0,10,"","","","",,"","AUTOCLAVE VERTICAL 50 LITROS, COM POTÊNCIA DE 3000W; MONOFÁSICO (110V) FABRICADAS EM AÇO INOXIDÁVEL AISI 304, COM PEDAL. CONSTRUIDA COM BASE NAS NORMAS ASME/ABNT E ATENDE A NORMA NR13. • TAMPA EM BRONZE FUNDIDO, INTERNAMENTE ESTANHADA, EXTERNAMENTE POLIDA E ENVERNIZADA, ACOMPANHA GUARNIÇÃO DE SILICONE PARA VEDAÇÃO RESISTENTE A ALTAS TEMPERATURAS. • VÁLVULA DE CONTROLE COM SISTEMA CONTRA PESO REGULÁVEL PARA LIBERAR PRESSÃO E EXPULSAR O AR INTERNO AFIM DE OBTER UMA CÂMARA DE TRABALHO COM VAPOR. • MANÍPULOS PARA FECHAMENTO EM BAQUELITE, ISOLADOS CONTRA O CALOR. • RESISTÊNCIA ELÉTRICA DE IMERSÃO DE NÍQUEL CROMO BLINDADO EM TUBOS DE COBRE CROMADO. • MANÔMETRO COM DUAS ESCALAS DE PRESSÃO DE 0 A 3 KGF/CM2 E CORRESPONDÊNCIA EM GRAUS CENTÍGRADOS DE 100 A 143º. • CESTO EM AÇO INOX AISI 304 POLIDO, TOTALMENTE PERFURADOS PARA PERMITIR A CIRCULAÇÃO DO VAPOR, GARANTINDO A QUALIDADE NA ESTERILIZAÇÃO. • GABINETE CONTRUÍDO EM CHAPA DE AÇO INOX, MONTADO SOBRE QUATRO PÉS DE BORRACHA REGULÁVEL. • PAINEL COM CHAVE SELETORA DE TEMPERATURA COM 3 POSIÇOES (MIN.MED.MAX), LÂMPADA PILOTO PARA INDICAR APARELHO LIGADO E INSTRUÇÕES DE USO. • REGISTRO ESFERA PARA LIMPEZA E DRENAGEM DE ÁGUA."
2/2019,154618,4,Material,2089 - ESTUFA ELÉTRICA PARA COZINHA,UNIDADE,34617100,0,0,2,10,21/10/2020,"2.186,4000",-,12.561.319/0001-75,NOVAINSTRUMENTS EQUIPAMENTOS PARA LABORATORIO LTDA,nova Instruments,"ESTUFA DE CULTURA BACTERIOLÓGICA - DIMENSÕES 35X40X30 CM - CAPACIDADE 42 LITROS - 1 PORTA - 220 VOLTS - MODELO SP-101/42; 1 PORTA INTERNA EM VIDRO LAPIDADA TRANSPARENTE. 1 PORTA EXTERNA EM AÇO 1020 COM PINTURA ELETROSTÁTICA ANTICORROSIVA EM AZUL. GABINETE CONSTRUÍDO EM AÇO 1020 COM PINTURA ELETROSTÁTICA ANTICORROSIVA. CÂMARA INTERNA EM AÇO 1020 COM PINTURA ELETROSTÁTICA ANTICORROSIVA. ISOLAÇÃO DA CAIXA INTERNA EM LÃ DE VIDRO (ESPESSURA 8 CM). VEDAÇÃO DA PORTA EM PERFIL DE SILICONE. RESISTÊNCIA BLINDADA EM AÇO INOX AISI 304. SENSOR DE TEMPERATURA PT 100. CIRCULAÇÃO DE AR POR CONVECÇÃO NATURAL. SAÍDA DE FLUXO SUPERIOR DE AÇO INOX COM ORIFÍCIO CENTRAL PARA ACOMODAÇÃO DE TERMÔMETRO. SISTEMA DE PROTEÇÃO DE SUPER AQUECIMENTO POR TERMOSTATO ANALÓGICO. CONTROLE DE TEMPERATURA MICROPROCESSADO PID. ALIMENTAÇÃO 220 VOLTS, POTÊNCIA 600 WATTS. TEMPERATURA: 5ºC ACIMA DO AMBIENTE A 70ºC EXATIDÃO: +/- 0,5ºC. RESOLUÇÃO: 0,1ºC."
2/2019,154618,7,Material,90930 - BALANÇA COMERCIAL,UNIDADE,34617106,0,0,4,18,21/10/2020,"5.048,9000",-,67.957.720/0001-10,IRENE SARABIA LUQUETTI,Bel,"BALANÇA ANALÍTICA. CARGA MÁXIMA: 220G; SENSIBILIDADE: 0,1MG; REPETITIVIDADE: < 0,1MG; LINEARIDADE: +/-0,2 MG; CLASSE DE EXATIDÃO: I; VOLTAGEM: BIVOLT AUTOMÁTICO DE 90 A 240V; FREQÜÊNCIA: 50/60HZ; TEMPERATURA DE TRABALHO: 5 A 40°C; TEMPO DE ESTABILIZAÇÃO: 3S; DIMENSÕES DO EQUIPAMENTO: 213X356X338 MM (CXLXA); DIÂMETRO DO PRATO: 91MM."
2/2019,154618,10,Material,150603 - LEITORA ÓTICA,UNIDADE,34617112,0,0,3,14,21/10/2020,"3.498,6300",-,06.925.910/0001-61,LABMACHINE EQUIPAMENTOS PRODUTOS E MATERIAIS PARA LABOR,BIOPTIKA,"LEITORA ÓTICA, NOME MICROSCÓPIO BIOLÓGICO BINOCULAR - ESTATIVA ESTÁVEL COM SUPORTE INCORPORADO PARA FÁCIL TRANSPORTE; • TUBO DE OBSERVAÇÃO COM 160 MM, BINOCULAR OU TRINOCULAR DO TIPO SIENDENTOPF, INCLINADO A 30º, AJUSTE INTERPUPILAR ENTRE 52 MM E 75 MM, AJUSTE DE DIOPTRIA NAS DUAS OCULARES; • REVÓLVER PORTA-OBJETIVA PARA QUATRO OBJETIVAS ACROMÁTICAS, DE 4X, 10X, 40X RETRÁTIL E 100X RETRÁTIL E IMERSÃO, TODAS DO TIPO O.G.; • UM PAR DE OCULARES WF DE 10X DE CAMPO AMPLO, 18 MM DE DIÂMETRO, PERMITINDO AUMENTOS CONFIGURÁVEIS ENTRE 40X E 1000X; • PLATINA MECÂNICA COM SUPERFÍCIE DE 125 MM X 135 MM, ÁREA DE TRABALHO DE 30 MM X 30 MM, DIVISÃO DE 0,1MM, CHARRIOT COM CONTROLE PARA OS MOVIMENTOS X E Y E FIXAÇÃO DA LÂMINA; • AJUSTE COAXIAL DA FOCALIZAÇÃO MICROMÉTRICA E MACROMÉTRICA COM KNOB INDEPENDENTES, CONTROLE DE PRESSÃO (TORQUE); • CONDENSADOR ABBE 1,25 NA (ÓLEO) FIXO, TIPO ESPIRAL COM DIAFRAGMA, PORTA-FILTROS ESCAMOTEÁVEL; • ILUMINADOR ELÉTRICO COM COLETOR ESFÉRICO, LÂMPADA DE HALOGÊNIO DE 6V/20W, COM AJUSTE DA INTENSIDADE DE LUZ; VOLTAGEM: 90 A 240V."
2/2019,154618,1,Material,95990 - PRE - AQUECEDOR DE AGUA INDUSTRIAL,UNIDADE,34617089,0,0,2,10,21/10/2020,"900,0000",-,13.031.276/0001-89,CENTAURO INOVACOES TECNOLOGICAS LTDA,centauro,"AQUECEDOR DE AGUA INDUSTRIAL, NOME BANHO-MARIA DIGITAL (5L): TEMPERATURA E TEMPO DE OPERAÇÃO AJUSTÁVEL ATRAVÉS DE CONTROLADOR MICROPROCESSADO PID. VOLTAGEM 110 V. • CUBA EM AÇO INOX SEM EMENDAS OU SOLDAS, COM CANTOS ARREDONDADOS, EVITA INCRUSTAÇÕES E FACILITA A LIMPEZA. • PAINEL ILUSTRATIVO EM POLICARBONATO INCLUINDO DISPLAY DIGITAL E CHAVE LIGA/DESLIGA COM INDICADOR LUMINOSO. • GABINETE METÁLICO E PINTURA ESPECIAL, COM TRATAMENTO ANTICORROSIVO. • FAIXA DE TRABALHO: 7º C ACIMA DA TEMPERATURA AMBIENTE ATÉ 100º C (AFERIDO EM 37º E 56º) GABINETE: AÇO SAE 1020 COM PINTURA ELETROSTÁTICA EM EPOXI TEXTURIZADO. • CAPACIDADE: 5 LITROS PRECISÃO: 0,2º C. • RESISTÊNCIA: TUBULAR BLINDADA EM INOX COM 250W, 60HZ. • DIMENSÕES INTERNAS LXPXA: 240X140X150MM. • DIMENSÕES EXTERNAS LXPXA: 270X170X250MM. GRADE DE PROTEÇÃO DA RESISTÊNCIA E MANUAL DE INSTRUÇÕES."
2/2019,154618,9,Material,150126 - RODÍZIO GIRATÓRIO,UNIDADE,34617110,0,0,2,10,21/10/2020,"4.305,0000",-,18.214.465/0001-00,SOLAB LABORATORIO INDUSTRIA E COMERCIO EIRELI,Solab,"RODÍZIO GIRATÓRIO, NOME AGITADOR MAGNÉTICO MÚLTIPLO EM AÇO INOX - COM AQUECIMENTO - 6 PROVAS - CAPACIDADE (CADA FRASCO) ATÉ 1 LITRO - INDIVIDUAL - VELOCIDADE 250 A 1600 RPM - 220 VOLTS."
2/2019,154618,15,Material,95990 - PRE - AQUECEDOR DE AGUA INDUSTRIAL,UNIDADE,34617122,0,0,2,10,21/10/2020,"3.201,0000",-,29.274.611/0001-00,XIX LABOR COMERCIAL E SERVICOS EIRELI,LUCADEMA,"AQUECEDOR DE AGUA INDUSTRIAL, NOME BANHO-MARIA MICROPROCESSADO DE 0 A 120C: CONSTRUÍDO EM FIBRA DE VIDRO LAMINADA, COM EXCELENTE ACABAMENTO EXTERNO; • TANQUE EM AÇO INOX 304 SEM SOLDAS, COM CANTOS ARREDONDADOS, EQUIPADO COM TAMPA ANGULAR TIPO PINGADEIRA E BANDEJA PERFURADA EM AÇO INOX, CAPACIDADE DE 16 LITROS; • AQUECIMENTO ATRAVÉS DE RESISTÊNCIA TUBULAR BLINDADA; • MOTOR TIPO INDUÇÃO, SILENCIOSO, COM EIXO E HÉLICE DE AÇO INOX 304; • FAIXA DE TRABALHO ENTRE 0ºC E 120ºC (SENDO QUE, PARA TRABALHAR ABAIXO DA TEMPERATURA AMBIENTE É NECESSÁRIO O USO DO BANHO Q215S2BS E A UNIDADE DE REFRIGERAÇÃO Q214M, (OPCIONAL); • O CONTROLADOR PERMITE PROGRAMAR RAMPAS E PATAMARES; • SENSOR DE TEMPERATURA TIPO “PT 100”, ENCAPSULADO EM AÇO INOXIDÁVEL COM SENSIBILIDADE DE ± 0,1°C; • RESISTÊNCIA ACIONADA POR CHAVE ESTÁTICA PARA NÃO CAUSAR INTERFERÊNCIA NA REDE; • PODE SER FORNECIDO COM SAÍDA RS485 E SOFTWARE PARA TEMPERATURA; • ACOMPANHA TAMPA ANGULAR TIPO PINGADEIRA, BANDEJA PERFURADA EM AÇO INOX; • ACOMPANHA MANUAL DE INSTRUÇÕES; • CABO DE FORÇA COM DUPLA ISOLAÇÃO E PLUGUE DE TRÊS PINOS, DOIS FASES E UM TERRA, ATENDENDO A NORMA ABNT NBR 14136; VOLTAGEM: 220V; POTÊNCIA: 2000W; DIMENSÕES EXTERNAS (CXLXA): 48X69X40CM."
2/2019,154618,3,Material,2089 - ESTUFA ELÉTRICA PARA COZINHA,UNIDADE,34617098,0,0,2,10,21/10/2020,"2.014,9100",-,13.825.298/0001-10,LIMATEC INDUSTRIA E SERVICOS EIRELI,LIMATEC,"ESTUFA DE CULTURA BACTERIOLÓGICA - DIMENSÕES 30X30X30 CM - CAPACIDADE 27 LITROS - 1 PORTA - 220 VOLTS - MODELO SP-101/27; 1 PORTA INTERNA EM VIDRO LAPIDADA TRANSPARENTE. 1 PORTA EXTERNA EM AÇO 1020 COM PINTURA ELETROSTÁTICA ANTICORROSIVA EM AZUL. GABINETE CONSTRUÍDO EM AÇO 1020 COM PINTURA ELETROSTÁTICA ANTICORROSIVA. CÂMARA INTERNA EM AÇO 1020 COM PINTURA ELETROSTÁTICA ANTICORROSIVA. ISOLAÇÃO DA CAIXA INTERNA EM LÃ DE VIDRO (ESPESSURA 8 CM). VEDAÇÃO DA PORTA EM PERFIL DE SILICONE. RESISTÊNCIA BLINDADA EM AÇO INOX AISI 304. SENSOR DE TEMPERATURA PT 100. CIRCULAÇÃO DE AR POR CONVECÇÃO NATURAL. SAÍDA DE FLUXO SUPERIOR DE AÇO INOX COM ORIFÍCIO CENTRAL PARA ACOMODAÇÃO DE TERMÔMETRO. SISTEMA DE PROTEÇÃO DE SUPER AQUECIMENTO POR TERMOSTATO ANALÓGICO. CONTROLE DE TEMPERATURA MICROPROCESSADO PID. ALIMENTAÇÃO 220 VOLTS, POTÊNCIA 600 WATTS. TEMPERATURA: 5ºC ACIMA DO AMBIENTE A 70ºC EXATIDÃO: +- 0,5ºC. RESOLUÇÃO: 0,1ºC."
2/2019,154618,6,Material,90930 - BALANÇA COMERCIAL,UNIDADE,34617104,0,0,3,15,21/10/2020,"3.320,0000",-,05.364.996/0001-38,PRECISAO ABSOLUTA - BALANCAS LTDA,marte,"BALANÇA ELETRÔNICA SEMI-ANALÍTICA COM CAPACIDADE DE 510G, PRECISÃO DE 0,001G, COM MICROPROCESSADOR, TARA SUBTRATIVA EM TODA A ESCALA E COM PROTETOR CIRCULAR DE VENTO METÁLICO. CARGA MÁXIMA: 510G; SENSIBILIDADE E REPRODUTIBILIDADE (G): 0,001; CLASSE DE EXATIDÃO: II; TEMPERATURA DE TRABALHO: 10 A 40°C; TEMPO DE ESTABILIZAÇÃO: 3S; TENSÃO DE TRABALHO: 100 A 230V; FREQÜÊNCIA: 50/60 HZ; 6,7W; MEDIDAS CXLXA (MM): 292X210X120; PRATO:PLATAFORMA EM AÇO INOX Ø 100; PESO: 4KG"
2/2019,154618,14,Material,150721 - EXAUSTOR,UNIDADE,34617120,0,0,1,5,21/10/2020,"4.134,0000",-,12.519.364/0001-61,ALTA COMERCIO E SERVICOS LTDA,SthilPlast,"EXAUSTOR, NOME CAPELA DE EXAUSTÃO DE GASES PROFISSIONAL: CONSTRUÍDA EXTERNAMENTE EM FIBRA DE VIDRO LAMINADA COM REFORÇOS PARA EVITAR O FLEXIONAMENTE DAS PAREDES E COM EXCELENTE ACABAMENTO EXTERNO; BASE (PISO) E PIA LAMINADOS EM FIBRA DE VIDRO; FORMATO COM AERODINÂMICA DE EXAUSTÃO; DISPENSA INSTALAÇÃO ESPECIAL DE ALVENARIA; DEFLETOR TRASEIRO DOS GASES EM POLIPROPILENO PARA PERMITIR A SUCÇÃO PELA PARTE TRASEIRA INFERIOR E TAMBÉM PELA PARTE FRONTAL SUPERIOR; • PORTA EM VIDRO TEMPERADO SEM EMENDAS E REFORÇADO O QUE PERMITE EXCELENTE VISUALIZAÇÃO DO INTERIOR, RESISTÊNCIA AOS SOLVENTES E FÁCIL LIMPEZA, COM DESLOCAMENTO VERTICAL (TIPO GUILHOTINA) E SISTEMA DE CONTRAPESO QUE PERMITE AJUSTAR A ABERTURA EM QUALQUER PONTO; • ILUMINAÇÃO INTERNA TIPO FLUORESCENTE, COMPLETAMENTE ISOLADA DA ÁREA DE TRABALHO; • PAINEL À ESQUERDA COM INTERRUPTORES PARA EXAUSTÃO E ILUMINAÇÃO, AMBOS COM LÂMPADA PILOTO INTERNA, REGISTROS PARA ÁGUA E GÁS; • DUAS TOMADAS EXTERNAS COM CAPACIDADE ATÉ 15A CADA, DE ACORDO COM NORMA ABNT NBR 14136; • FORNECIDA COM OLIVA PARA GÁS E PIA PARA ÁGUA COM DRENO PARA O EXTERIOR; • ACOMPANHA EXAUSTOR LAMINADO EM FIBRA DE VIDRO (PEÇA ÚNICA) COM TURBINA EM MATERIAL RESISTENTE AOS GASES CORROSIVOS E TUBO DE SAÍDA COM DIÂMETRO DE 200"
2/2019,154618,5,Material,63118 - MAQUINA DE LIMPAR / SELECIONAR FRUTA E LEGUME,UNIDADE,34617102,0,0,2,10,21/10/2020,"1.528,9200",-,06.925.910/0001-61,LABMACHINE EQUIPAMENTOS PRODUTOS E MATERIAIS PARA LABOR,SANDERS,"MAQUINA DE LIMPAR, NOME BANHO DE LIMPEZA ULTRASSOM, TANQUE COM CAPACIDADE DE 2,8 LITROS. • CONSTRUÍDO EM AÇO TRATADO COM PINTURA ELETROSTÁTICA. • TEMPO COM INDICAÇÃO DIGITAL MÁX. 60 MINUTOS. • TANQUE EM AÇO INOX AISI 304. • DRENO LATERAL. • SISTEMA AUTOMÁTICO DE SELEÇÃO VOLTAGEM 110/220V. • FREQUÊNCIA 50/60HZ. • POTÊNCIA ULTRASSÔNICA DE 135 WATTS RMS. • PROTETOR DE SUPERAQUECIMENTO. • CESTO EM AÇO INOX PERFURADO. • TAMPA ACRÍLICA. • EXIBIÇÃO DE DATA HORA, E OPÇÃO DE IDIOMA. • ACOMPANHA MANUAL DE INSTRUÇÕES."
2/2019,154618,13,Material,150126 - RODÍZIO GIRATÓRIO,UNIDADE,34617118,0,0,2,10,21/10/2020,"7.476,0000",-,18.214.465/0001-00,SOLAB LABORATORIO INDUSTRIA E COMERCIO EIRELI,Solab,"RODÍZIO GIRATÓRIO, NOME MESA AGITADORA COM MOVIMENTO ORBITAL - PLATAFORMA APOIADA EM SISTEMA METÁLICO FLUTUANTE COM GARRAS AJUSTÁVEIS A SUA PLATAFORMA, ACEITA DIFERENTES QUANTIDADES DE FRASCOS COM DIVERSAS CAPACIDADES SUPORTANDO ATÉ 30 KG DE CARGA MÁXIMA. • CONTROLE MICROPROCESSADO POR TÉCNICA PWM (MANTÉM A ROTAÇÃO INDEPENDENTE DA VARIAÇÃO NA REDE); • BASE REFORÇADA COM PÉS DE BORRACHA E ALÇAS LATERAIS; • CONSTRUÍDA EM AÇO INOX ESCOVADO; • MOTOR SILENCIOSO E DE BAIXO CONSUMO; • DISPLAY INDICADOR DA VELOCIDADE ENTRE 50 E 199 RPM, COM INTERVALOS DE 1 EM 1 RPM, E INDICADOR DO TEMPO ENTRE 0 E 59 HORAS E 59 MINUTOS; • SINAL SONORO DE INDICAÇÃO DE FINAL DE PROGRAMA; • PLATAFORMA DE AGITAÇÃO APOIADA EM SISTEMA METÁLICO FLUTUANTE; • ACOMPANHA PLATAFORMA DE AGITAÇÃO EM AÇO INOX, REMOVÍVEL E COM GARRAS PARA FRASCO ERLENMYERS COM CAPACIDADE PARA 25 DE 250 ML; • PLATAFORMAS OPCIONAIS PARA 30 FRASCOS DE 125ML, OU 15 DE 500 ML, OU 6 DE 1000 ML, OU 3 DE 2000 ML; • CABO DE FORÇA COM DUPLA ISOLAÇÃO E PLUGUE DE TRÊS PINOS, DOIS FASES E UM TERRA, ATENDENDO A NORMA ABNT NBR 14136; VOLTAGEM: 90 A 240V; DIMENSÕES EXTERNAS (CXLXA): 62X67X34 CM."
2/2019,154618,8,Material,150721 - EXAUSTOR,UNIDADE,34617108,0,0,1,5,21/10/2020,"8.840,0000",-,08.040.473/0001-24,FILTERFLUX EQUIPAMENTOS PARA LABORATORIO LTDA,FILTERFLUX,"EXAUSTOR, NOME CAPELA DE FLUXO LAMINAR VERTICAL - EQUIPAMENTO FABRICADO EM CHAPA DE ALUMÍNIO NAVAL E PINTURA EPÓXI ELETROSTÁTICA (OU EM CHAPA DE AÇO GALVANIZADO); 2 ÁREA INTERNA DE TRABALHO FABRICADA EM AÇO INOX AISI 304 ESCOVADO SUPER FINISH ANTIRREFLEXO OU POLIDO; 3 ÁREA DE TRABALHO REMOVÍVEL, FACILITA A LIMPEZA E SANITIZAÇÃO; 4 100% DE RECIRCULAÇÃO DE AR, EQUIPADO COM UM PRÉ-FILTRO CLASSE G4 SINTÉTICO EMOLDURADO PLISSADO, CONFORME NORMA EN 779 (NBR 16101) E FILTRO HEPA CLASSE H13 / H14 CONFORME NORMA EN 1822, COM EFICIÊNCIA 99.95 A 99.995% PARA PARTÍCULAS 0,3U, ESTRUTURA EM ALUMÍNIO ANODIZADO EXTRUDADO OU AÇO GALVANIZADO; 5 PROJETADO PARA TRABALHO CLASSE 100 CONFORME ABNT NBR 13.700 E ISO CLASSE 5 CONFORME NORMA INTERNACIONAL ISO 14.644-1; 6 VIDRO FRONTAL TEMPERADO DESLIZANTE COM DESLOCAMENTO VERTICAL E SISTEMA DE CONTRAPESOS O QUAL PERMITE PARAR EM QUALQUER POSIÇÃO DO SEU CURSO E COM 5º DE INCLINAÇÃO QUE PROPORCIONA MELHOR ERGONOMIA E A REDUÇÃO DE REFLEXOS PARA O USUÁRIO. A) O EQUIPAMENTO POSSUI: INTERRUPTORES LIGA / DESLIGA, MOTOR, LÂMPADA FRIA, LÂMPADA UV E ALARME; DISPOSITIVO DE SEGURANÇA ÁUDIO VISUAL. DEMAIS DESCRIÇÕES PRESENTES NO TERMO DE REFERÊNCIA."
2/2019,154618,11,Material,150603 - LEITORA ÓTICA,UNIDADE,34617114,0,0,1,5,21/10/2020,"6.269,0000",-,85.050.110/0001-10,S. D. TEIXEIRA PRODUTOS LABORATORIAIS,BEL,"LEITORA ÓTICA, NOME MICROSCÓPIO ESTEREOMICROSCÓPIO (STEP BY STEP) TRINOCULAR PROFISSIONAL. • TUBO TRINOCULAR INCLINADO A 45º E 360º DE GIRO, UM PAR DE OCULARES DE 10X COM CAMPO AMPLO DE 20 MM DE DIÂMETRO; AUMENTO TOTAL DE 40X, COM OCULARES E OBJETIVAS ADICIONAIS (OPCIONAIS) ATÉ 160X, OBJETIVAS DE 2X E 4X (STEP BY STEP); BASE PORTA-AMOSTRAS CIRCULAR EM VIDRO FOSCO (LEITOSO), E UMA BRANCA E PRETA, COM 95 MM DE DIÂMETRO E PRESILHAS PARA FIXAR OS OBJETOS SOB OBSERVAÇÃO; ILUMINAÇÃO TRANSMITIDA EMBUTIDA NA BASE E INCIDENTE EMBUTIDA NA ESTATIVA,12V/15W; A ILUMINAÇÃO TRANSMITIDA COM LÂMPADA DE HALOGÊNIO DE 15 WATTS COM CONTROLE DE SUA INTENSIDADE; OCULARES DE 15X, 20X E 25X, OBJETIVAS ADICIONAIS DE 0,3X ATÉ 2X, ILUMINAÇÃO AUXILIAR DE FIBRA ÓTICA. VOLTAGEM: 90 A 240V."
2/2019,154618,20,Material,150268 - MANTA,UNIDADE,34617132,0,0,0,10,"","","","",,"","MANTA, NOME MANTA AQUECEDORA - TEMPERATURA MÁXIMA NO NINHO: 500ºC, CONSTRUÍDA EM ALUMÍNIO COM REVESTIMENTO EM EPÓXI; • MAIOR SEGURANÇA, DEVIDO NÃO PRODUZIR FAÍSCAS; • CORPO ISOLADO DO CALOR; • RESISTÊNCIA DE FIO KANTHAL®, EMBUTIDA EM CADARÇOS DE FIBRA E ALOJADA NO NINHO COM FORMATO CIRCULAR; • TEMPERATURA MÁXIMA NO NINHO: 500ºC; • CONTROLE ELETRÔNICO DE TEMPERATURA COM REFERÊNCIA ENTRE OS PONTOS 1 A 10; • CABO DE FORÇA COM DUPLA ISOLAÇÃO E PLUGUE DE TRÊS PINOS, DUAS FASES E UM TERRA, ATENDENDO A NORMA ABNT NBR 14136; DIMENSÕES EXTERNAS (CM): 16,6 X 9,5 (ØXA); VOLTAGEM: 110/220V; POTÊNCIA: 130W; CAPACIDADE: 250ML."
2/2019,154618,17,Material,105562 - ESTUFA AGRICOLA - SISTEMA  CONTRO,UNIDADE,34617126,0,0,0,0,"","","","",,"",""
2/2019,154618,19,Material,64637 - MUFLA,UNIDADE,34617130,0,0,0,0,"","","","",,"",""
2/2019,154618,18,Material,105562 - ESTUFA AGRICOLA - SISTEMA  CONTRO,UNIDADE,34617128,0,0,0,0,"","","","",,"",""
2/2019,154618,12,Material,107239 - APARELHO CONTAGEM DE BACTÉRIAS LEITE / DERIVADOS,UNIDADE,34617116,0,0,2,10,21/10/2020,"2.299,6300",-,06.925.910/0001-61,LABMACHINE EQUIPAMENTOS PRODUTOS E MATERIAIS PARA LABOR,HEXIBAC,"CONTADOR ELETRÔNICO DE COLÔNIAS: GABINETE EM MATERIAL PLÁSTICO RESISTENTE (RECICLÁVEL); ALOJAMENTO DA PLACA QUADRICULADO PARA FACILITAR A CONTAGEM; ILUMINAÇÃO LED COM ALTA VISIBILIDADE E BAIXO CONSUMO DE ENERGIA; LUPA COM AUMENTO DE 3X COM APOIO DE ROTAÇÃO E ALTURA AJUSTÁVEL; ACEITA PLACAS DE PETRI DE ATÉ 12 CM DE DIÂMETRO; DISPLAY LCD 16X2 BIG NUMBER COM BACKLIGHT AZUL E CARACTERES BRANCOS, POSSIBILITANDO FÁCIL VISUALIZAÇÃO; SONDA METÁLICA CONTADORA POR PULSOS DE CONTATO; CAPACIDADE PARA ARMAZENAR ATÉ 99 MEMÓRIAS; CONTAGEM DE 0 A 999; CANETA CONTADORA TIPO PRESSÃO PARA MARCAÇÃO; CONFIRMAÇÃO DE CADA CONTAGEM POR BEEP; • ACOMPANHA CANETA CONTADORA, SONDA METÁLICA E MANUAL DE INSTRUÇÕES; CABO DE FORÇA COM DUPLA ISOLAÇÃO E PLUGUE DE TRÊS PINOS, DOIS FASES E UM TERRA,ATENDENDO A NORMA ABNT NBR 14136. VOLTAGEM: 110V"
2/2019,154618,27,Material,150880 - CHAPA,UNIDADE,34617147,0,0,2,9,21/10/2020,"1.090,0000",-,13.031.276/0001-89,CENTAURO INOVACOES TECNOLOGICAS LTDA,CENTAURO,"CHAPA, NOME CHAPA AQUECEDORA RETANGULAR COM PLATAFORMA DE ALUMÍNIO - CONSTRUÍDA EM AÇO REVESTIDO COM EPÓXI ELETROSTÁTICO; • FORMATO RETANGULAR PARA SE CONSEGUIR MAIOR ÁREA DE AQUECIMENTO; • PLATAFORMA EM CHAPA DE ALUMÍNIO DE 6 MM; • RESISTÊNCIA BLINDADA ENCAIXADA EM BLOCO DE ALUMÍNIO; • CONTROLE DA TEMPERATURA ATRAVÉS DE TERMOSTATO HIDRÁULICO COM CAPILAR DE AÇO INOX; • FAIXA DE TRABALHO ENTRE 20ºC ACIMA DA TEMPERATURA AMBIENTE ATÉ 320ºC NA PLATAFORMA; • CABO DE FORÇA COM DUPLA ISOLAÇÃO E PLUGUE DE TRÊS PINOS, DUAS FASES E UM TERRA, ATENDENDO A NORMA ABNT NBR 14136; VOLTAGEM: 110/220V; DIMENSÕES EXTERNAS (CXLXA): 38 X 40 X 15 CM; POTÊNCIA: 1720W."
2/2019,154618,39,Material,37680 - FREEZER,UNIDADE,34617171,0,0,5,23,21/10/2020,"2.021,9000",-,15.733.417/0001-30,J.L. DO B. GUIMARAES - JBX PRODUTOS EIRELI ME,CONSUL CVU26EB,"FREEZER VERTICAL 231L - VERTICAL, CONTÉM 4 CESTOS DESLIZANTES E REMOVÍVEIS, ALÉM DE ORGANIZAR MELHOR SEUS CONGELADOS, POSSUI TRAVA DE SEGURANÇA; QUANTIDADE DE PORTAS: 1; COR: BRANCA; CAPACIDADE BRUTA DE ARMAZENAMENTO: 260L; CONTROLE DE TEMPERATURA ATRAVÉS DO PAINEL FRONTAL; ALIMENTAÇÃO: 110V; DIMENSÕES EXTERNAS: LARGURA – 61,6CM; ALTURA: 153,9; PROFUNDIDADE:69,1 CM."
2/2019,154618,26,Material,150807 - BOMBA CENTRÍFUGA,UNIDADE,34617144,0,0,1,5,21/10/2020,"4.450,0000",-,67.957.720/0001-10,IRENE SARABIA LUQUETTI,Benfer,"BOMBA CENTRÍFUGA, NOME CENTRÍFUGA PARA MICROTUBOS 24 MICROTUBOS (1,5-2,2 ML) COM ROTOR DE ALUMÍNIO PARA 24 PORTA MICROTUBOS - CONSTRUÍDA EM AÇO CARBONO COM PINTURA EPÓXI ELETROSTÁTICA; • CAPACIDADE PARA 12, 24 OU 30 MICROTUBOS DE 1,5 A 2,2 ML; • MOTOR DE INDUÇÃO TRIFÁSICO 220 V, 50/60 HZ, SEM ESCOVA, ACIONADO POR INVERSOR DE FREQUÊNCIA; • RUÍDO INFERIOR A 75DB; • DISPLAY ALFANUMÉRICO 4X20 “BIG NUMBER” COM “BACKLIGHT” AZUL, CARACTERES BRANCOS E TECLADO TIPO SOFT-TOUCH (TOQUE MACIO); • INDICAÇÃO DIGITAL DO RPM, RCF, TEMPO, TAMPA ABERTA E ALARMES; • SELEÇÃO DIGITAL DA VELOCIDADE E DO TEMPO; • CONTROLE DA VELOCIDADE ENTRE 10000 A 15000 RPM PARA ROTOR DE 12 MICROTUBOS E ENTRE 10000 A 14000RPM PARA ROTORES DE 24 E 30 MICROTUBOS; • INCREMENTOS NA VELOCIDADE DE 10 EM 10 RPM OU DE 100 EM 100 RPM; • PROGRAMAÇÃO DE TEMPO ATÉ 99 MINUTOS E 59 SEGUNDOS E AJUSTE DA DATA E HORA; MEMÓRIA PARA SALVAR ATÉ 9 PROGRAMAS; • PÉS TIPO VENTOSA PARA MELHOR ADERÊNCIA E ABSORÇÃO DE VIBRAÇÃO; • SINAL SONORO PARA CADA FUNÇÃO, ALARME SONORO E ABERTURA AUTOMÁTICA DA TAMPA NO TÉRMINO DO PROCESSO; DEMAIS DESCRIÇÕES PRESENTES N TERMO DE REFERÊNCIA"
2/2019,154618,34,Material,44377 - DETECTOR UMIDADE,UNIDADE,34617161,0,0,1,4,21/10/2020,"6.900,0000",-,26.527.362/0001-29,ESFERA MASTER COMERCIAL EIRELI,MARTE,"DETECTOR UMIDADE, NOME ANALISADOR DE UMIDADE – CAPACIDADE: MAX – 60G E MIN – 0,02G; LÂMPADA DE HALOGÊNIO; CONSUMO: 400W; FAIXA DE TEMPERATURA: 50 A 200°C; TAMANHO DO PRATO: 95MM DE DIÂMETRO; DIMENSÕES EXTERNAS: 202×336×157 MM (L×P×A); PESO: 4KG; TEMPERATURA DE OPERAÇÃO: 5 A 40°C; SECAGEM: MODO RÁPIDO; SELEÇÃO DO TEMPORIZADOR: 1 A 120 MIN."
2/2019,154618,38,Material,34703 - FORNO MICROONDAS,UNIDADE,34617169,60,60,0,28,21/10/2020,"614,3600",-,15.733.417/0001-30,J.L. DO B. GUIMARAES - JBX PRODUTOS EIRELI ME,ELECTROLUX MEO44,"FORNO MICROONDAS, NOME FORNO MICROONDAS 34L DE BANCADA MEO44 COM FUNÇÃO TIRA ODOR BRANCO 110V – CONSUMO:CLASSIFICAÇÃO ENERGÉTICA; DIMENSÕES (L X A X P):30 X 53,9 X 42,4 CM; PESO:16 KG; FUNÇÃO DESLIGA-DISPLAY; DISPLAY CENTRALIZADO NA COR AZUL."
2/2019,154618,23,Material,59315 - APARELHO DESTILAÇÃO,UNIDADE,34617138,0,0,1,5,21/10/2020,"2.890,0000",-,18.214.465/0001-00,SOLAB LABORATORIO INDUSTRIA E COMERCIO EIRELI,Solab,"APARELHO DESTILAÇÃO, NOME DESTILADOR DE KJELDAHL SEMI-AUTOMÁTICO •CONSTRUÍDO EM AÇO INOX 304; A DESTILAÇÃO É EXECUTADA NO MESMO TUBO ONDE FOI FEITA A DIGESTÃO ACEITANDO TUBOS DE DIGESTÃO/DESTILAÇÃO DE 25 MM DE DIÂMETRO COM 250 MM DE ALTURA OU DE 50 MM DE DIÂMETRO COM 250 MM DE ALTURA; O VAPOR PODERÁ SER PRODUZIDO UTILIZANDO A ÁGUA DA TORNEIRA, PORÉM RECOMENDA-SE ÁGUA DESTILADA, DEIONIZADA OU OSMOSIFICADA; PRODUÇÃO DO VAPOR POR MEIO DE RESISTÊNCIA TUBULAR BLINDADA; CALDEIRA DE PRODUÇÃO DO VAPOR COM CAPACIDADE DE 2000 ML EM VIDRO REFORÇADO,COM ENCHIMENTO AUTOMÁTICO; NÍVEL DA CALDEIRA COM VISOR FRONTAL E SAÍDA DE DESCOMPRESSÃO DO SISTEMA ATRAVÉS DE TUBOS DE SILICONE; VAPOR FINAL CONDUZIDO ATRAVÉS DE DUTOS DE RESINA ANTIADERENTE (PTFE); SISTEMA DE SEGURANÇA DA CALDEIRA ATRAVÉS DE TERMOSTATOS; SISTEMA DE FIXAÇÃO DO TUBO DE DIGESTÃO/DESTILAÇÃO ATRAVÉS DE MACACO ELEVATÓRIO; SUPORTE PARA O FRASCO ERLENMEYER RECEPTOR DO DESTILADO, COM SISTEMA PARA RECEBER FRASCOS DE VÁRIAS CAPACIDADES; PROTETOR MÓVEL DE SEGURANÇA DO TUBO DE DESTILAÇÃO EM ACRÍLICO; PAINEL FRONTAL COM COMANDOS DAS VÁLVULAS, AQUECIMENTO E ILUMINAÇÃO; DEMAIS DESCRIÇÕES PRESENTES NO TERMO DE REFERÊNCIA."
2/2019,154618,28,Material,59315 - APARELHO DESTILAÇÃO,UNIDADE,34617149,1,1,0,5,21/10/2020,"1.650,0000",-,64.138.944/0001-02,HIPPERQUIMICA DO BRASIL INDUSTRIA E COMERCIO LTDA,Hipperquimica,"APARELHO DESTILAÇÃO, NOME DEIONIZADOR COM BLOQUEIO COM VAZÃO DE 100 (L/H) - DIMENSÕES EXTERNAS: 29 X 36 X 96CM; VOLTAGEM: 110V; POTÊNCIA: 6W; COLUNA EM PVC COM SOLDAGEM TERMOPLÁSTICA; • INDICAÇÃO DE PUREZA DA ÁGUA (BOA/RUIM), ATRAVÉS DE LÂMPADA SINALIZADORA; • FORNECIDO COM SISTEMA B.Q.D. (BLOQUEIO DE QUALIDADE DEFICIENTE); • SISTEMA DE COLUNA INTERCAMBIÁVEL; • FAIXA DE CONDUTIVIDADE DA ÁGUA ENTRE 1ΜS/CM E 20ΜS/CM, VARIÁVEL DE ACORDO COM QUANTIDADE DE ÁGUA PRODUZIDA; • PH ENTRE 6 E 8 NA SAÍDA; • O RENDIMENTO DA ÁGUA DEIONIZADA É TOTAL OU SEJA, TODA A ÁGUA QUE ENTRA, SAI DEIONIZADA; • RESERVATÓRIO DE PEQUENO VOLUME PARA DIFICULTAR O CRESCIMENTO DE FUNGOS E BACTÉRIAS; • EXCLUSIVO RESPIRO PARA ELIMINAR O AR INTERNO; • O RENDIMENTO DA COLUNA SERÁ DE ACORDO COM O BALANÇO IÔNICO DA ÁGUA DE ALIMENTAÇÃO; • ACOMPANHA CARTUCHO DE RESINA DE INTERCAMBIO IÔNICO, MANGUEIRA DE ALIMENTAÇÃO E MANUAL DE INSTRUÇÕES."
2/2019,154618,21,Material,87831 - MAQUINA E APARELHO PARA EXTRACAO DE OLEO / GORDURA ANIMAL,UNIDADE,34617134,0,0,1,4,21/10/2020,"5.000,0000",-,29.274.611/0001-00,XIX LABOR COMERCIAL E SERVICOS EIRELI,LUCADEMA,"MAQUINA E APARELHO PARA EXTRACAO DE OLEO / GORDURA ANIMAL, NOME EXTRATOR DE LIPÍDIOS COM 6 PROVAS: CONSTRUÍDO EM CHAPA DE AÇO EM EPÓXI ELETROSTÁTICO; • RESISTÊNCIA CERÂMICA; • CONTROLE ELETRÔNICO DE TEMPERATURA COM REFERÊNCIA ENTRE OS PONTOS 1 E 10; • CONJUNTO DE VIDRARIA EM BOROSILICATO, COMPOSTO DE REATORES, CONDENSADORES DE GRANDE SUPERFÍCIE DE CONDENSAÇÃO E EXTRATORES COM “STOP FLOW” EM RESINA ANTIADERENTE (PTFE) (06 REBOILER EM VIDRO BOROSSILICATO DE 190ML E 06 CESTO EM AÇO INOX 304); • SUPORTE PARA ACOMODAR OS CONDENSADORES; • REATORES ENCAIXADOS EM SUPORTES DE ALUMÍNIO PARA DAR MAIOR ESTABILIDADE AO CONJUNTO; • SISTEMA DE REFRIGERAÇÃO COM DIVISORES DE FLUXO E ALIMENTADOR ÚNICO, PARA AUMENTAR A PERFORMANCE DA REFRIGERAÇÃO; • CABO DE FORÇA COM DUPLA ISOLAÇÃO E PLUGUE DE TRÊS PINOS, DOIS FASES E UM TERRA, ATENDENDO A NORMA ABNT NBR 14136; ACOMPANHA DEDAIS, SUPORTES METÁLICOS PARA OS DEDAIS, MANGUEIRAS PARA O SISTEMA DE REFRIGERAÇÃO E MANUAL DE INSTRUÇÕES; VOLTAGEM: 220V; DIM. EXTERNAS (CXLXA): 30 X 90 X 46CM; POTÊNCIA: 720W."
2/2019,154618,31,Material,87874 - MAQUINA E APARELHO PARA INDUSTRIA DE BEBIDA / SUCO,UNIDADE,34617155,3,3,0,15,21/10/2020,"1.629,9700",-,12.134.879/0001-43,AIQ FERRAMENTAS E INSTRUMENTOS LTDA,INSTRUTHERM,"MAQUINA E APARELHO PARA INDUSTRIA DE BEBIDA / SUCO, NOME REFRATÔMETRO DE MÃO – 3 FAIXAS DE TRABALHO: 0 - 42%; 42 – 71%; 71 – 90%: APLICAÇÃO: UTILIZADO PARA MEDIR A CONCENTRAÇÃO DE AÇÚCAR, COM ESCALA ESPECIAL PARA MEDIÇÃO DE SUBSTÂNCIAS COM ALTA CONCENTRAÇÃO DE AÇÚCAR COMO O MEL. ESCALAS: 0 - 42% BRIX; 42 - 71% BRIX; 71 - 90% BRIX. EXATIDÃO: 0,2%. RESOLUÇÃO: 0,2% BRIX. DIMENSÕES: 30 X 36 X 200 MM. PRÁTICOS, LEVES; TRABALHAM COM A LUZ NATURAL; EXCELENTE DEFINIÇÃO DO CAMPO VISUAL; OCULAR COM AJUSTE PARA FOCALIZAÇÃO; BAIXO CONSUMO DE AMOSTRA; COM COMPENSAÇÃO AUTOMÁTICA DA TEMPERATURA; ACOMPANHA ESTOJO, CONTA GOTAS E MANUAL DE INSTRUÇÕES."
2/2019,154618,30,Material,43109 - FOTOMETRO,UNIDADE,34617153,0,0,1,4,21/10/2020,"30.000,0000",-,29.274.611/0001-00,XIX LABOR COMERCIAL E SERVICOS EIRELI,MICRONAL,"FOTÔMETRO, NOME ESPECTROFOTÔMETRO UV-VIS DUPLO FEIXE COM VARREDURA (COMPRIMENTO DE ONDA: 190 A 1100 NM) - CONSTRUÍDO EM MATERIAL ULTRA-RESISTENTE, COM ACABAMENTO EM EPÓXI ELETROSTÁTICO; • DISPLAY DE CRISTAL LÍQUIDO DE FÁCIL VISUALIZAÇÃO; • LEITURAS AUTOMÁTICAS EM ABSORVÂNCIA (A) DE 0 A 2,5A, TRANSMITÂNCIA (%T) DE 0 A 125%T E CONCENTRAÇÃO (C) DE 0 A 1999, PRECISÃO FOTOMÉTRICA DE ± 0,5A; • ZERO E 100%T AUTOMÁTICOS; • VARREDURA AUTOMÁTICA ATRAVÉS DO COMPUTADOR; • ACIONAMENTO AUTOMÁTICO DAS LÂMPADAS DE DEUTÉRIO E DE TUNGSTÊNIO/HALOGÊNIO; • FOTODETECTOR TIPO FOTODIODO DE SILÍCIO; • FAIXA DE COMPRIMENTO DE ONDA ENTRE 200NM E 1000NM, PRECISÃO DE ± 2 NM REPRODUTIBILIDADE DE ±1 NM; • INTERFACE RS232 PARA COMPUTADOR; • LARGURA DA BANDA DE PASSAGEM: 2 NM; • OPCIONAL, SISTEMA DE FLUXO CONTÍNUO; • CABO DE FORÇA COM DUPLA ISOLAÇÃO E PLUGUE DE TRÊS PINOS, DOIS FASES E UM TERRA, ATENDENDO A NORMA ABNT NBR 14136; • ACOMPANHA 4 CUBETAS EM VIDRO ÓTICO, 2 CUBETAS EM QUARTZO, SOFTWARE EM CD, CABO DE CONEXÃO AO COMPUTADOR, CABO DE FORÇA, CAPA PLÁSTICA PROTETORA E MANUAL DE INSTRUÇÕES; DIMENSÕES EXTERNAS (CXLXA): 40 X 62 X 37CM; POTÊNCIA: 105W; VOLTAGEM: 110/220V."
2/2019,154618,33,Material,89397 - FILTRO PLANO,UNIDADE,34617159,0,0,1,5,21/10/2020,"1.009,4000",-,13.213.516/0001-66,SAINT VALLEN BIOTECNOLOGIA LTDA,FILTERPRO,"SISTEMA DE FILTRAÇÃO: COMPOSTO POR UM FRASCO DE FILTRAÇÃO (TIPO KITASSATO), FUNIL GRADUADO COM BASE DE VIDRO SINTERIZADO PARA UMA PROVA; • FRASCO DE FILTRAÇÃO COM OLIVA, CAPACIDADE PARA 1L; • ROLHA DE SILICONE; • FUNIL COM BASE DE VIDRO SINTERIZADO COM 47 MM DE DIÂMETRO; • COPO GRADUADO COM CAPACIDADE PARA 250 ML; • ÁREA DE FILTRAÇÃO DE 9,5 CM2; • PINÇA AÇO INOX; • COM ADIÇÃO DE BOMBA DE VÁCUO OU HIDRO-VÁCUO; DIMENSÕES EXTERNAS (CXLXA): 15 X 15 X 45CM."
2/2019,154618,32,Material,20486 - DISPOSITIVO OPTICO - ELETRONICO,UNIDADE,34617156,0,0,1,5,21/10/2020,"2.309,9800",-,07.756.105/0001-14,FLOPTECH COMERCIO DE EQUIPAMENTOS EIRELI,Alfakit,"DISPOSITIVO OPTICO - ELETRONICO, NOME COLORÍMETRO – DISPLAY DE LCD COM 2 LINHAS 16 CARACTERES, COM LUZ DE FUNDO, PARA LEITURAS EM AMBIENTES POUCO ILUMINADOS; • FONTE DE RADIAÇÃO: LED; • DETECTOR TIPO FOTODIODO DE SILÍCIO: • LEITURA EM RGB, ENTRE 400 E 700NM; • REPRODUTIBILIDADE +/- 1,0%; • RESOLUÇÃO DE 0,0 A 500 UC; • O APARELHO ECONOMIZA A BATERIA COM O DESLIGAMENTO AUTOMÁTICO APÓS ALGUM TEMPO SEM UTILIZAÇÃO; • ALIMENTADO COM BATERIA DE 9 VOLTS OU FONTE DE ALIMENTAÇÃO CHAVEADA DE 90 A 240 VOLTS, SAÍDA RS 232; • ACOMPANHA 01 MALETA PARA TRANSPORTE E USO DO APARELHO, 2 CUBETAS CALIBRADAS, 1 PADRÃO DE COR PT/CO 500 UC, INSTRUÇÕES DE USO, BATERIA DE 9 VOLTS E ADAPTADOR CHAVEADO PARA 90 A 240 VOLTS."
2/2019,154618,29,Material,94552 - BIODIGESTOR USO INDUSTRIAL,UNIDADE,34617151,0,0,1,4,21/10/2020,"4.984,0000",-,18.214.465/0001-00,SOLAB LABORATORIO INDUSTRIA E COMERCIO EIRELI,Solab,"BIODIGESTOR USO INDUSTRIAL, NOME DIGESTOR DE FIBRAS - CONSTRUÍDO EM CHAPA DE AÇO REVESTIDA EM EPÓXI ELETROSTÁTICO; • ACOMODA 6 PROVAS SIMULTÂNEAS; • SISTEMA DE AQUECIMENTO ATRAVÉS DE RESISTÊNCIAS BLINDADAS; • CONTROLE ELETRÔNICO DE TEMPERATURA COM REFERÊNCIA ENTRE OS PONTOS 1 E 10; • TEMPERATURA MÁXIMA DE 280°C NA PLATAFORMA; • FIXAÇÃO DOS CONDENSADORES POR MEIO DE PINÇAS REGULÁVEIS; • CONDENSADORES EM VIDRO, COM ENCAIXE PERFEITO PARA COPOS TIPO BÉCKER DE 600 ML (BORDA ALTA); • EXCELENTE REFRIGERAÇÃO ATRAVÉS DE DIVISOR DE FLUXO DA ÁGUA PARA CADA UMA DAS PROVAS; • COLETOR DE ÁGUA DE REFRIGERAÇÃO NA PARTE DE TRÁS DO APARELHO; • CABO DE FORÇA COM DUPLA ISOLAÇÃO E PLUGUE DE TRÊS PINOS, DUAS FASES E UM TERRA, ATENDENDO A NORMA ABNT NBR 14136; DIMENSÕES EXTERNAS: 30 X 86 X 68CM; VOLTAGEM: 220V; POTÊNCIA: 1290W."
2/2019,154618,40,Material,25496 - CRONÔMETRO,UNIDADE,34617173,0,0,0,60,"","","","",,"","CRONÔMETRO - DIGITAL TIPO PROFISSIONAL, CORPO EM PLÁSTICO ULTRA RESISTENTE, COR PRETA, PRECISÃO EM CENTÉSIMOS, DISPLAY DE HORÁRIO (12 OU 24 H), POSSUI ALARME, RESISTÊNCIA A ÁGUA E QUEDA. CONTÉM 3 BOTÕES: START/STOP, MODE, SPLIT/RESET"
2/2019,154618,24,Material,150807 - BOMBA CENTRÍFUGA,UNIDADE,34617140,0,0,1,5,21/10/2020,"7.067,9900",-,12.561.319/0001-75,NOVAINSTRUMENTS EQUIPAMENTOS PARA LABORATORIO LTDA,novatecnica,"BOMBA CENTRÍFUGA, NOME CENTRÍFUGA MICROPROCESSADA PARA TUBOS - CONSTRUÍDA EM AÇO CARBONO COM PINTURA EPÓXI ELETROSTÁTICA; • ROTORES E SUPORTES COM CAPACIDADE PARA: (QUANTIDADE DE TUBOS X CAPACIDADE EM ML):16X10 - 16X15 - 4X50 - 2X100 - 16X1,8 - 16X2 - 16X3,5 - 16X4 E 16X5; • CAPACIDADE MÁXIMA DE 240 ML COM DENSIDADE DE ATÉ 1,2 KG/DM³; • MOTOR DE INDUÇÃO TRIFÁSICO 220 V, 50/60 HZ, SEM ESCOVA, ACIONADO POR INVERSOR DE FREQUÊNCIA; • RUÍDO INFERIOR A 75DB; • DISPLAY ALFANUMÉRICO 4X20 “BIG NUMBER” COM “BACKLIGHT” AZUL, CARACTERES BRANCOS E TECLADO TIPO SOFT-TOUCH (TOQUE MACIO); • INDICAÇÃO DIGITAL DO RPM, RCF, TEMPO, TAMPA ABERTA E ALARMES; • SELEÇÃO DIGITAL DA VELOCIDADE E DO TEMPO; • CONTROLE DA VELOCIDADE ENTRE 300 A 4000RPM, COM INCREMENTOS DE 10 EM 10RPM OU DE 100 EM 100RPM; • PROGRAMAÇÃO DE TEMPO ATÉ 99 MINUTOS E 59 SEGUNDOS, AJUSTE DA DATA E HORA; • PRECISÃO DA VELOCIDADE EM RPM DE ±0,1%; • SELEÇÃO DE IDIOMAS, PORTUGUÊS, INGLÊS OU ESPANHOL; • MEMÓRIA PARA SALVAR ATÉ 9 PROGRAMAS; • SELEÇÃO DO TIPO DE SUPORTE DE TUBOS; PÉS TIPO VENTOSA PARA MELHOR ADERÊNCIA E ABSORÇÃO DE VIBRAÇÃO; DEMAIS DESCRIÇÕES CONFORME TERMO DE REFERÊNCIA."
2/2019,154618,22,Material,94552 - BIODIGESTOR USO INDUSTRIAL,UNIDADE,34617136,0,0,1,4,21/10/2020,"4.868,0000",-,18.214.465/0001-00,SOLAB LABORATORIO INDUSTRIA E COMERCIO EIRELI,Solab,"BLOCO MICRODIGESTOR DE KJELDAHL MICROPROCESSADO - CONSTRUÍDO EM AÇO INOX; • BLOCO AQUECEDOR EM ALUMÍNIO; • TEMPERATURA MÁXIMA: 400°C; • CAPACIDADE MÁXIMA: 42 PROVAS SIMULTÂNEAS; • SUPORTE DOS TUBOS EM ALUMÍNIO COM ALÇAS PARA TRANSPORTE, PARA SEREM COLOCADOS OU RETIRADOS DE UMA SÓ VEZ; • CONTROLADOR ELETRÔNICO MICROCONTROLADO DA TEMPERATURA COM DUPLO DISPLAY, COM AS FUNÇÕES DE: SET POINT, AUTO SINTONIA E PID; • SENSOR TIPO PT 100, COM SENSIBILIDADE DE ± 0,1°C; • CABO DE FORÇA COM DUPLA ISOLAÇÃO E PLUGUE DE TRÊS PINOS, DUAS FASES E UM TERRA, ATENDENDO A NORMA ABNT NBR 14136; • ACOMPANHA 42 TUBOS DE ENSAIO COM DIÂMETRO DE 25 MM X 250 MM COM ORLA, SUPORTE DOS TUBOS EM ALUMÍNIO COM ALÇAS E MANUAL DE INSTRUÇÕES; DIMENSÕES EXTERNAS (CXLXA): 40 X 50 X 35CM; VOLTAGEM: 220V; POTÊNCIA: 2000W."
2/2019,154618,35,Material,6939 - EVAPORADOR DESIDRATADOR,UNIDADE,34617163,0,0,1,3,21/10/2020,"7.790,0000",-,18.214.465/0001-00,SOLAB LABORATORIO INDUSTRIA E COMERCIO EIRELI,Solab,"EVAPORADOR DESIDRATADOR, NOME EVAPORADOR ROTATIVO - BASE ROBUSTA E ESTÁVEL QUE DÁ COMPLETA SEGURANÇA AO OPERADOR; • COMANDOS EMBUTIDOS NA BASE DO APARELHO; • CONTROLE ELETRÔNICO DA VELOCIDADE DE ROTAÇÃO ENTRE 10 E 120 RPM; • SISTEMA ARTICULADO DE FÁCIL MANUSEIO PARA LEVANTAMENTO RÁPIDO DO CONJUNTO; • MOVIMENTO ARTICULADO DE 10 CM NA ELEVAÇÃO E GIRATÓRIO DE 360°C; • BANHO MARIA INCORPORADO NA BASE COM TERMOSTATO BULBO CAPILAR EM INOX; • TEMPERATURA DO BANHO ENTRE 30°C E 120°C; • CONDENSADOR EM VIDRO BOROSILICATO REFORÇADO COM GRANDE ÁREA DE EVAPORAÇÃO, SERPENTINA DUPLA; • BALÃO DE EVAPORAÇÃO EM BOROSILICATO DE JUNTA ESMERILHADA 24/40, TIPO PÊRA COM CAPACIDADE PARA 1 LITRO; • BALÃO RECEPTOR EM BOROSILICATO COM CAPACIDADE DE 1 LITRO, COM JUNTA 24/40 ESMERILHADA; • PINÇAS DOS BALÕES EM MATERIAL PLÁSTICO REFORÇADO; • PARA MELHOR RENDIMENTO, PODE SER OPERADO COM SISTEMA DE VÁCUO; • VÁCUO MÁXIMO DE 660 MM DE HG; • CABO DE FORÇA COM DUPLA ISOLAÇÃO E PLUGUE DE TRÊS PINOS, DUAS FASES E UM TERRA, ATENDENDO A NORMA ABNT NBR 14136; DIMENSÕES EXTERNAS (CXLXA): 41 X 70 X 70 CM; POTÊNCIA: 1000W; VOLTAGEM: 110V; • BOMBA DE VÁCUO, CONDENSADOR VERTICAL E BALÕES DE ATÉ 2 L."
2/2019,154618,25,Material,150484 - BOMBA,UNIDADE,34617142,0,0,2,10,21/10/2020,"3.800,0000",-,06.936.105/0001-33,BIOVERA EQUIPAMENTOS E SERVICOS LTDA,PRISMATEC,"BOMBA, NOME BOMBA DE VÁCUO E PRESSÃO - FUNCIONA PELO PRINCÍPIO DE ROTOR CENTRÍFUGO COM PALHETAS; • CONJUNTO MONTADO EM PLATAFORMA COM PÉS EM BORRACHA; • POSSUI REGULAGEM DE VÁCUO E DA PRESSÃO, COM VACUÔMETRO E MANÔMETRO INCORPORADO; • DEPÓSITO DE ÓLEO PARA LUBRIFICAÇÃO POR CAPILARIDADE; • FILTROS DE AR E VÁCUO EM MATERIAL SINTÉTICO TIPO FELTRO; • ALÇA PARA TRANSPORTE; • VÁCUO FINAL DE 26 INHG, 660MMHG OU 879,93MILIBAR; • PRESSÃO MÁXIMA: 20PSI OU 1,406KGF/M2; • DESLOCAMENTO DE AR: 37 L/MINUTO; • PRECISÃO DO MANÔMETRO E VACUÔMETRO: 3% NO CENTRO DA ESCALA; • MOTOR DE 1/3 DE HP DO TIPO INDUÇÃO, USO CONTÍNUO; • SISTEMA BIVOLT PARA A TENSÃO DE ALIMENTAÇÃO (SELECIONÁVEL); • CABO DE FORÇA COM DUPLA ISOLAÇÃO E PLUGUE DE TRÊS PINOS, DOIS FASES E UM TERRA, ATENDENDO A NORMA ABNT NBR 14136; DIMENSÕES EXTERNAS (CXLXA): 22 X 11 X 26CM; POTÊNCIA: 120W; VOLTAGEM: 220V."
2/2019,154618,36,Material,150130 - MOINHO,UNIDADE,34617165,1,1,0,5,21/10/2020,"3.697,1500",-,18.917.693/0001-47,OBJET COMERCIO DE EQUIPAMENTOS E SERVICOS EIRELI,QUIMIS,"MOINHO ANALÍTICO (50ML): CORPO EM MATERIAL RESISTENTE; • CÂMARA DE MOAGEM E FACA, EM AÇO INOXIDÁVEL; • CHAVE ACIONADORA TIPO PUSH-BUTTON; • VELOCIDADE DO MOTOR SEM CARGA 17000 RPM; • PODE TRABALHAR CONTINUAMENTE SEM INTERRUPÇÃO; • SERPENTINA PARA REFRIGERAÇÃO; • SISTEMA DE SEGURANÇA NÃO PERMITE O MOTOR GIRAR COM A TAMPA ABERTA; • O VOLUME EFETIVO DA CÂMARA DE MOAGEM É DE 50 ML; • LÂMPADA INDICADORA DE ENERGIZADO; •TEMPERATURA DE TRABALHO É DE 5ºC ACIMA DA TEMPERATURA AMBIENTE ATÉ 40°C; DIM. EXTERNAS: 12 X 26 (ØXA) CM; POTÊNCIA: 180W; VOLTAGEM: 220V; • CABO DE FORÇA COM DUPLA ISOLAÇÃO E PLUGUE DE TRÊS PINOS, DUAS FASES E UM TERRA, ATENDENDO A NORMA ABNT NBR 14136."
2/2019,154618,37,Material,24821 - MEDIDOR ÍNDICE ACIDEZ,UNIDADE,34617167,1,1,0,5,21/10/2020,"1.655,0000",-,64.138.944/0001-02,HIPPERQUIMICA DO BRASIL INDUSTRIA E COMERCIO LTDA,SPPENCER,"MEDIDOR ÍNDICE ACIDEZ, NOME PHMETRO MICROPROCESSADO DE BANCADA - CONSTRUÍDO EM MATERIAL PLÁSTICO ULTRA-RESISTENTE COM DESIGN ARROJADO; • FAIXA DE MEDIÇÃO DE - 2,001 PH A 20,000 PH E MV ABSOLUTOS E RELATIVO DE 2000,0 MV (REDOX – ORP); • REPRODUTIBILIDADE DE ± 0,01PH E ± 0,1 MV; • LEGIBILIDADE DE 0,001 PH E 0,1 MV; • INDICAÇÃO E COMPENSAÇÃO DA TEMPERATURA ENTRE 0ºC E 100°C COM PRECISÃO DE ± 0,5°C; • CALIBRAÇÃO COM 2 BUFFERS E RECONHECIMENTO AUTOMÁTICO DE 5 BUFFERS, COM OS SEGUINTES VALORES DE PH: 4,01, 6,86, 7,00, 9,18 E 10,01; • SAÍDA SERIAL RS232; • SOFTWARE COM TELA QUE DEMONSTRA PH OU MV, TEMPERATURA, GRÁFICOS E HISTÓRICO; • DISPLAY DE CRISTAL LÍQUIDO COM ILUMINAÇÃO DO TIPO LUZ DE FUNDO; • SINAL AUDÍVEL PARA CADA FUNÇÃO EM TECLADO TIPO MEMBRANA; • SUPORTE DOS ELETRODOS COM PLATAFORMA E BRAÇOS TELESCÓPIOS; • CABO DE FORÇA COM DUPLA ISOLAÇÃO E PLUGUE DE TRÊS PINOS, DUAS FASES E UM TERRA, ATENDENDO A NORMA ABNT NBR 14136; • ACOMPANHA ELETRODO COMBINADO DE VIDRO PARA PH, 100 ML DE BUFFER PH 9,18; 100 ML DE BUFFER PH 6,86; 100 ML DE SOLUÇÃO BUFFER PH 4,01;100 ML DE SOLUÇÃO DE REPOUSO DO ELETRODO, SENSOR DE TEMPERATURA, DEMAIS DESCRIÇÕES PRESENTES NO TERMO DE REFERÊNCIA"
2/2019,154618,46,Material,26310 - TERMÔMETRO,UNIDADE,34617185,0,0,0,40,"","","","",,"","TERMÔMETRO DE VIDRO COM PROTEÇÃO DE PLÁSTICO, ESCALA INTERNA, CAPILAR TRANSPARENTE, ESCALA PERMANENTE, ENCHIMENTO DE LÍQUIDO VERMELHO ECOLÓGICO E DIÂMETRO 26,5MM, APLICAÇÃO LATICÍNIOS, FAIXA DE ESCALA -10 A 110¨C, DIVISÃO DA ESCALA 1¨C, COMPRIMENTO 300MM, LIMITE DE ERRO _2¨C, IMERSÃO TOTAL, PROTEÇÃO FEITA DE POLIPROPILENO, RESISTENTE A BAIXAS TEMPERATURAS E COM UMA MOLA NA PARTE SUPERIOR DA PEÇA, PROTETOR DO BULBO NA COR AZUL, FACILMENTE REMOVÍVEL PARA LIMPEZA DO TERMÔMETRO, ACREDITAÇÃO DO INMETRO (RBC) CONFORME A NORMA ISO 17025:2005, GARANTIA MÍNIMA DE 6 MESES CONTRA DEFEITOS DE FABRICAÇÃO, APLICAÇÃO LATICÍNIOS."
2/2019,154618,43,Material,117170 - IOGURTEIRA ELÉTRICA,UNIDADE,34617179,10,10,0,4,21/10/2020,"6.070,9900",-,08.532.500/0001-86,GERACAO COMERCIO E SERVICOS LTDA,Geração,IOGURTEIRA ELÉTRICA; TIPO INDUSTRIAL; CAPACIDADE 50 LITROS; COM MOTO-AGITADOR PARA HOMOGENEIZAÇÃO; SERPENTINA PARA CIRCULAÇÃO DE ÁGUA; TOTALMENTE EM AÇO INOX AISI-304; CAMISA COM RESISTÊNCIA EM AÇO INOX; TAMPA BI-PARTIDA; AGITADOR MECÂNICO ACIONADO MOTO-REDUTOR COM PÁS EM AÇO INOX DE ENGATE RÁPIDO; SISTEMA DE REFORÇO INTERNO PARA EVITAR DEFORMAÇÕES; TERMÔMETRO DIGITAL; REGISTRO EM AÇO INOX; TENSÃO 220V
2/2019,154618,42,Material,94595 - DESNATADEIRA,UNIDADE,34617177,10,10,0,4,21/10/2020,"6.995,8200",-,29.926.189/0001-20,SIS COMERCIO DE MATERIAIS E EQUIPAMENTOS LTDA,Casa das desnatadeir,"DESNATADEIRA - UNIDADE SEPARADORA DE CREME DE PEQUENO PORTE SISTEMA PARA SEPARAÇÃO DE NATA POR CENTRIFUGAÇÃO PARA O ESTUDO PRÁTICO DE TÉCNICAS DE SEPARAÇÃO DE FASES LÍQUIDAS COM DIFERENTES DENSIDADES, E PARTICULARMENTE PARA DESNATAMENTO DE LEITE. PRODUÇÃO: 100 L/H • DISCOS DE ALUMÍNIO DE GRAU ALIMENTÍCIO • CÂMARA DE ALUMÍNIO DE GRAU ALIMENTÍCIO • BICOS DE SAÍDA DE NATA/CREME E LEITE DESNATADO FEITAS DE AÇO INOXIDÁVEL • TANQUE DE ALIMENTAÇÃO DE AÇO INOXIDÁVEL, COM CAPACIDADE DE 10 LITROS • NÚMERO DE REVOLUÇÕES VARIANDO DE 8100 RPM A 9600 RPM • 2 RECIPIENTES DE VIDRO DE 1 LITRO E 0,5 LITRO • CRONÔMETRO DIGITAL • UNIDADE DE CONTROLE COM DISJUNTOR DIFERENCIAL, VARIADOR DE VELOCIDADE E INDICADOR DIGITAL DE RPM ALIMENTAÇÃO: 220 VAC 60 HZ MONOFÁSICO – 120 VA DIMENSÕES: 1200 X 500 X 600 MM PESO: 20 KG. GARANTIA DO FORNECEDOR: MÍNIMO DE 01 ANO"
2/2019,154618,47,Material,150319 - MÁQUINA FATIADORA,UNIDADE,34617186,4,4,0,20,21/10/2020,"405,6100",-,17.356.181/0001-96,ADONAI COMERCIO DE MAQUINAS E EQUIPAMENTOS EIRELI,Imeca,"MÁQUINA FATIADORA, NOME FATIADOR DE PÃO DE FORMA MANUAL BRANCO; MOLDE PARA CORTE MANUAL; ACOMPANHA 01 FACA PARA PÃO SERRILHADA; IDEAL PARA FAZER OS CORTES EM PÃO DE FORMA; CORTA ATÉ 24 FATIAS DEIXANDO-AS COM 1CM CADA; COMPRIMENTO: 40CM, APROXIMADAMENTE; ALTURA: 20CM, APROXIMADAMENTE; LARGURA: 15CM, APROXIMADAMENTE."
2/2019,154618,45,Material,150211 - TANQUE PASTEURIZADOR,UNIDADE,34617182,0,0,1,4,21/10/2020,"5.026,0000",-,12.519.364/0001-61,ALTA COMERCIO E SERVICOS LTDA,PRONOX,"TANQUE PASTEURIZADOR, NOME PASTEURIZADOR/PROCESSADOR PARA PRODUÇÃO DE QUEIJO - PASTEURIZADOR/PROCESSADOR DE ALTA QUALIDADE E FACILIDADE DE USO, DESTINADO À PRODUÇÃO DE QUEIJOS MATURADOS, QUEIJOS FRESCAIS E IOGURTES ATÉ 50 LITROS DE LEITE. EQUIPAMENTO TOTALMENTE EM AÇO INOXIDÁVEL FEITAL AISI 304, CONFECCIONADO EM CHAPA DE 1.5 MM DE ESPESSURA, CORTADA A LASER E DOBRADA EM DOBRADEIRA CNC. O TANQUE RETANGULAR DE PASTEURIZAÇÃO LENTA É ESPECIAL PARA FABRICAÇÃO DE QUEIJOS E DERIVADOS DE LEITE, TEM PAREDE DUPLA COM CIRCULAÇÃO DE ÁGUA EM TODA EXTENSÃO, COM MANGUEIRAS METÁLICAS FLEXÍVEIS, POSSUINDO TORNEIRA PARA LIMPEZA DO TANQUE INTERNO E RETIRADA DO SORO. TEM DUPLO SISTEMA DE AQUECIMENTO, QUE É FEITO ATRAVÉS DE UMA RESISTÊNCIA DE 220 WATTS MONOFÁSICO, ESCOLHA EM OPÇÕES A LIGAÇÃO QUE DESEJA. NA PRODUÇÃO DE QUEIJO A ADIÇÃO DE COALHO E FERMENTO LÁCTEO É FEITA COM O AUXILIO DO AGITADOR MISTURADOR, O CORTE DA MASSA É FEITO COM A LIRA, A SEPARAÇÃO DO SORO É ESTIMULADA POR UM GARFO ADEQUADO E A RETIRADA DO SORO SE DÁ COM AUXILIO DA PLACA DESSORADORA E FINALMENTE A MASSA DESSORADA É LEVADA PARA AS FORMAS COM USO DA PAZINHA ADEQUADA. DEMAIS DESCRIÇÕES PRESENTES NO TERMO DE REFERÊNCIA."
2/2019,154618,44,Material,61115 - TACHO,UNIDADE,34617180,0,0,1,5,21/10/2020,"9.855,0000",-,08.532.500/0001-86,GERACAO COMERCIO E SERVICOS LTDA,Geração,TACHO PARA DOCES - ELÉTRICO; CAPACIDADE DE PRODUÇÃO DE 30 A 50 LITROS; FUNDO SEMI-ESFÉRICO; COM EXAUSTOR EM INOX PARA RETIRADA E CONTROLE DE UMIDADE; AGITADOR REFORÇADO COM LUVA DE ENGATE RÁPIDO; GEOMETRIA DO AGITADOR COM RASPADOR DE ALTILENO; COM TAMPA BIPARTIDA E ESTRUTURA DE SUSTENTAÇÃO EM AÇO INOX; BASCULANTE; SISTEMA DE AQUECIMENTO A RESISTÊNCIA ELÉTRICA; TENSÃO 220V
2/2019,154618,48,Material,20850 - PLACA CAIXA EMBUTIR,UNIDADE,34617189,0,0,0,5,"","","","",,"","EMBUTIDEIRA DE LINGUIÇA VERTICAL, IDEAL PARA EMBUTIR MASSAS DIVERSAS PARA SALSICHARIA. A EMBUTIDORA DE LINGUIÇAS POSSUI CAPACIDADE DE 6KG. ALAVANCA COM AMPLO GIRO, DIMINUINDO O ESFORÇO E AUMENTANDO O RENDIMENTO. ACOMPANHA TRÊS BICOS DE DIFERENTES GRAMATURAS. FABRICADA EM AÇO INOXIDÁVEL; DIMENSÕES APROXIMADAS: 900MM X 350MM X 300MM (LARGURA, ALTURA, PROFUNDIDADE); CAPACIDADE VOLUMÉTRICA: 6KG; ALIMENTAÇÃO: MANUAL."
2/2019,154618,41,Material,150678 - EQUIPAMENTO MULTIUSO COZINHA,PARES,34617175,0,0,0,50,"","","","",,"","EQUIPAMENTO MULTIUSO COZINHA, NOME LUVA DE SEGURANÇA DE 5 DEDOS, COM TECIDO ESPECIAL PARA SUPORTAR ALTAS TEMPERATURAS, PRÓPRIA PARA SEGURAR PANELAS QUENTES. SUPORTAR TEMPERATURAS DE 200º C, IMPERMEÁVEL, RESISTENTE, COMPRIMENTO MÍNIMO 45 CM, APLICAÇÃO COZINHA / PROTEÇÃO INDIVIDUAL."
2/2019,154618,49,Material,34703 - FORNO MICROONDAS,UNIDADE,34617191,0,0,1,5,21/10/2020,"614,3600",-,15.733.417/0001-30,J.L. DO B. GUIMARAES - JBX PRODUTOS EIRELI ME,ELECTROLUX MEO44,"FORNO MICROONDAS, NOME FORNO MICROONDAS 34L DE BANCADA MEO44 COM FUNÇÃO TIRA ODOR BRANCO 110V – CONSUMO:CLASSIFICAÇÃO ENERGÉTICA; DIMENSÕES (L X A X P):30 X 53,9 X 42,4 CM; PESO:16 KG; FUNÇÃO DESLIGA-DISPLAY; DISPLAY CENTRALIZADO NA COR AZUL."
